leandroroberson@usu.ac.id;Leandro Roberson;25d55ad283aa400af464c76d713c07ad;admin
howarderickson@usu.ac.id;Howard Erickson;a8d5dcba60f16a89dfee2902cb61bcdd;dosen
corbinleon@usu.ac.id;Corbin Leon;4e02086d5c1829d0fdcc4b62a6840bff;dosen
adalynwood@usu.ac.id;Adalyn Wood;6eea9476f97e4075546f4d4366a26cfc;dosen
sagerasmussen@usu.ac.id;Sage Rasmussen;2310702d53172b40c1528b522db77f2c;dosen
cayleejensen@usu.ac.id;Caylee Jensen;63fd26ac2c52c549b724c0059b5dc6bd;dosen
bliu@usu.ac.id;Braeden Liu;454eeb0f28267c3bd3ef2466ce18fe5f;dosen
jettparks@usu.ac.id;Jett Parks;e5740ff91c7b791aaacb31f4bd4746ba;dosen
averyaguilar@usu.ac.id;Avery Aguilar;233bc6f70068bf5437f82906fe247360;dosen
jadynh@usu.ac.id;Jadyn Huff;4320fbbd7fe3e26a56553f3949f934b8;dosen
demawil@usu.ac.id;Demarion Wilkinson;8d213da6b6c3833ab0731e6e718fedec;dosen
mylie@usu.ac.id;Mylie Hendricks;7fd27560d2fdbbd28c19b763ef9c6e21;dosen
shaunnixon@usu.ac.id;Shaun Nixon;5a489d1f3be4473c51a32722176e39cf;dosen
paxtonsaunders@usu.ac.id;Paxton Saunders;44edff252d1d2398c552e21c20be1dae;dosen
felixmoore@usu.ac.id;Felix Moore;bb5496d5b9961665a64f21000cc786d5;dosen
talanglenn@usu.ac.id;Talan Glenn;cfa313e06af7dfa606855a993a61cd6b;dosen
nicolassimpson@usu.ac.id;Nicolas Simpson;d633bd576e3a6b3d0e1d630506f4a50d;dosen
kyrasantos@usu.ac.id;Kyra Santos;f4ec3d2831a89f1251a0a9f397aca093;dosen
ykline@usu.ac.id;Yamilet Kline;5c4a31d80201f15adf614d16021ec2fa;dosen
amiyawilliamson@usu.ac.id;Amiya Williamson;92643c0cb1a9fe7f4592425741a3e96e;dosen
kocabrera@usu.ac.id;Koen Cabrera;02de79eb6fa13788ad30f873c205e491;dosen
kristinparsons@usu.ac.id;Kristin Parsons;f470ae6a7712fbef0d486c4b8c9d4a7e;staff
roninroach@usu.ac.id;Ronin Roach;02f3cef46dcf1dfc32229a243e0e5a75;staff
daltonguzman@usu.ac.id;Dalton Guzman;9a00e6db2716889f33ae3a3e1439ded0;staff
amarioliver@students.usu.ac.id;Amari Oliver;1754ec73bb79b2d39b0e84d098aab94c;staff
harmonyvaughn@students.usu.ac.id;Harmony Vaughn;62c463ef45041f274f8f3617d8c250da;mahasiswa
tomasbailey@students.usu.ac.id;Tomas Bailey;9b124cf52f52f00ff2d2ae1b6829df7c;mahasiswa
kelsiemccall@students.usu.ac.id;Kelsie Mccall;3124458f5633e13dca31f92b6398e783;mahasiswa
rafaelcowan@students.usu.ac.id;Rafael Cowan;f267afb20bb968ef04e77eeb460ede5c;mahasiswa
isabel@students.usu.ac.id;Isabel Fletcher;560cbbb65c30d77b511843ec7faf4196;mahasiswa
andersonmax@students.usu.ac.id;Anderson Maxwell;1a91e315472f531973a19212db3f5e92;mahasiswa
paisleypham@students.usu.ac.id;Paisley Pham;917d5b781d5320801fdc0107962e4877;mahasiswa
serenity@students.usu.ac.id;Serenity Brock;123f6d6a1446824b2fd88ac44a234839;mahasiswa
delgado@students.usu.ac.id;Sterling Delgado;3d2f6c812a2de662dbc3ff761b272809;mahasiswa
shaneoconnell@students.usu.ac.id;Shane Oconnell;2f7e5b5474f021afd985c3f0f2233059;mahasiswa
fkaiser@students.usu.ac.id;Fiona Kaiser;39cd309567b3d61e3de229ee0f8e211b;mahasiswa
gabrielarosario@students.usu.ac.id;Gabriela Rosario;6bb9179c4a5a229cda585c0c9ee48f00;mahasiswa
mayranoble@students.usu.ac.id;Mayra Noble;53862fb1d93fea7762690ff841ca30c3;mahasiswa
taniyah@students.usu.ac.id;Taniyah Fitzgerald;530ad10b5197d188302c37fd934ee505;mahasiswa
sienameyer@students.usu.ac.id;Siena Meyer;d613e1ecbdfb1f3c712e1c27646dc5e0;mahasiswa
lmurray@students.usu.ac.id;Lilah Murray;17f034c305d32284e762cf5fc348b1aa;mahasiswa
maxhodges@students.usu.ac.id;Maximillian Hodges;e28339ba70163a8820137d0628ecafef;mahasiswa
magdalenavghn@students.usu.ac.id;Magdalena Vaughan;41c951fd271fc1665921aaa197dc9c45;mahasiswa
jaedenesparza@students.usu.ac.id;Jaeden Esparza;6928bec332a31c3e6bc3ad2a5cb47aab;mahasiswa
micahsolomonn@students.usu.ac.id;Micah Solomon;55fb127b464cd94eff6a87f62b40eb75;mahasiswa
cheslye@students.usu.ac.id;Chesley Atkinson;bc2d1a36c2cc1a3ec20f2d79c8d4683e;mahasiswa
judsonmay@students.usu.ac.id;Judson May;91809e4e1f5a57c81628dd3ecdccec5d;mahasiswa
kathgibbs@students.usu.ac.id;Katherine Gibbs;f77e582c181088aabcbcd0a1c74ffb5a;mahasiswa
liliancooley@students.usu.ac.id;Lilian Cooley;62bcd1a5d60c0436265a1278c08a9cfd;mahasiswa
loranberger@students.usu.ac.id;Loran Berger;cb7ca79f8322b56cd0b1b029103dacbb;mahasiswa
jonnielong@students.usu.ac.id;Jonnie Long;f293d155489f8d157e249daf16c12604;mahasiswa
kennzimm@students.usu.ac.id;Kenneth Zimmerman;28aad8707046ea3f4ae03c1f3cc651dd;mahasiswa
justinriley@students.usu.ac.id;Justin Riley;8ff6012a1e91c798f047e6bd2d6f9506;mahasiswa
johnsell@students.usu.ac.id;Johnnie Sellers;1fce2debf1e3a0b828070be16e20ddd8;mahasiswa
palmer@students.usu.ac.id;Palmer Henderson;e98f0328e790c15bf7540851574e4eb4;mahasiswa
hanncalhoun@students.usu.ac.id;Hannah Calhoun;0b478c1b737cf7e4685dcfba7835edec;mahasiswa